{"loss": 0.28055524826049805, "_timestamp": 1708481891.462755, "_runtime": 170.3497450351715, "_step": 199, "_wandb": {"runtime": 225}}