{"train_loss": 0.12403596937656403, "_timestamp": 1705976173.7434185, "_runtime": 7.74432635307312, "_step": 544, "_wandb": {"runtime": 7}}