{"lora_rank": 64, "lora_alpha": 512, "_timestamp": 1709397698.3952901, "_runtime": 141.7285032272339, "_step": 62, "val/loss": 2.173994541168213, "iter": 50, "train loss": 3.2563652992248535, "lr": 0.0005, "_wandb": {"runtime": 141}}