{"train_loss": 0.13919469714164734, "_timestamp": 1705974446.9925184, "_runtime": 13.630099534988403, "_step": 544, "_wandb": {"runtime": 11}}