{"lora_rank": 64, "lora_alpha": 512, "_timestamp": 1709397276.5824673, "_runtime": 2.903721332550049, "_step": 0, "_wandb": {"runtime": 2}}