{"lora_rank": 16, "lora_alpha": 64, "_timestamp": 1709431587.604002, "_runtime": 4.402554035186768, "_step": 0, "_wandb": {"runtime": 4}}