{"Val_accuracy": 0.6447368421052632, "Test_accuracy": 0.717948717948718, "_timestamp": 1706049561.496118, "_runtime": 5.573389053344727, "_step": 0, "_wandb": {"runtime": 5}}