{"loss": 0.22290271520614624, "_timestamp": 1708448717.959449, "_runtime": 169.1680359840393, "_step": 199, "_wandb": {"runtime": 218}}