{"loss": 0.2913466989994049, "_timestamp": 1708481648.3874967, "_runtime": 163.95376062393188, "_step": 199, "_wandb": {"runtime": 207}}