{"train_loss": 0.09746318310499191, "_timestamp": 1705974115.157262, "_runtime": 8.295997142791748, "_step": 288, "_wandb": {"runtime": 7}}