{"loss": 0.15872477740049362, "_timestamp": 1708466768.726403, "_runtime": 4135.617209911346, "_step": 9999, "_wandb": {"runtime": 4189}}