{"loss": 0.8512158393859863, "_timestamp": 1708445394.226209, "_runtime": 9.19651484489441, "_step": 0, "_wandb": {"runtime": 12}}