{"Article_Lengths": {"_type": "histogram", "values": [6, 3, 5, 7, 4, 7, 9, 10, 6, 15, 16, 16, 16, 23, 21, 43, 36, 24, 16, 16, 11, 4, 3, 6, 3, 2, 1, 5, 3, 1, 1, 1, 0, 2, 1, 0, 1, 0, 1, 3, 1, 1, 0, 1, 0, 3, 0, 1, 0, 0, 0, 0, 0, 0, 0, 1, 1, 1, 1, 0, 0, 0, 0, 1], "bins": [299.0, 442.84375, 586.6875, 730.53125, 874.375, 1018.21875, 1162.0625, 1305.90625, 1449.75, 1593.59375, 1737.4375, 1881.28125, 2025.125, 2168.96875, 2312.8125, 2456.65625, 2600.5, 2744.34375, 2888.1875, 3032.03125, 3175.875, 3319.71875, 3463.5625, 3607.40625, 3751.25, 3895.09375, 4038.9375, 4182.78125, 4326.625, 4470.46875, 4614.3125, 4758.15625, 4902.0, 5045.84375, 5189.6875, 5333.53125, 5477.375, 5621.21875, 5765.0625, 5908.90625, 6052.75, 6196.59375, 6340.4375, 6484.28125, 6628.125, 6771.96875, 6915.8125, 7059.65625, 7203.5, 7347.34375, 7491.1875, 7635.03125, 7778.875, 7922.71875, 8066.5625, 8210.40625, 8354.25, 8498.09375, 8641.9375, 8785.78125, 8929.625, 9073.46875, 9217.3125, 9361.15625, 9505.0]}, "_timestamp": 1706046767.4894679, "_runtime": 0.6364469528198242, "_step": 0, "_wandb": {"runtime": 0}}