{"loss": 0.8596271872520447, "_timestamp": 1708631332.7685957, "_runtime": 70.15800261497498, "_step": 0, "_wandb": {"runtime": 110}}