{"lora_rank": 16, "lora_alpha": 64, "_timestamp": 1709444894.5637574, "_runtime": 111.12162446975708, "_step": 18, "val/loss": 1.9416344165802002, "iter": 14, "train loss": 1.4883252382278442, "lr": 0.0005, "_wandb": {"runtime": 114}}