{"train_loss": 0.008890669792890549, "_timestamp": 1705962889.3665335, "_runtime": 70.39040851593018, "_step": 2704, "_wandb": {"runtime": 80}}