{"Val_accuracy": 0.5394736842105263, "Test_accuracy": 0.6923076923076923, "_timestamp": 1706064824.015531, "_runtime": 6.4476940631866455, "_step": 0, "_wandb": {"runtime": 5}}