{"loss": 0.8512158393859863, "_timestamp": 1708445161.144318, "_runtime": 9.186392068862915, "_step": 0, "_wandb": {"runtime": 12}}