{"train_loss": 0.13570939004421234, "_timestamp": 1705972593.6586142, "_runtime": 89.03081822395325, "_step": 2705, "Training_loss": 0.13831700991701196, "Training_acc": 0.337037037037037, "epoch": 5, "Testing_loss": 0.14331531213677448, "Testing_acc": 0.30434782608695654, "_wandb": {"runtime": 89}}