{"lora_rank": 64, "lora_alpha": 512, "_timestamp": 1709359523.5478442, "_runtime": 14.511911153793335, "_step": 1, "val/loss": 5.562047004699707, "_wandb": {"runtime": 14}}