{"val/loss": 1.3764835596084595, "_timestamp": 1709443970.4208412, "_runtime": 1581.591233253479, "_step": 61, "iter": 50, "train loss": 0.9742051362991333, "lr": 0.0005, "_wandb": {"runtime": 1581}}