{"train_loss": 0.03753945976495743, "_timestamp": 1705963282.4794886, "_runtime": 21.28764772415161, "_step": 844, "_wandb": {"runtime": 20}}