{"loss": 0.1567651480436325, "_timestamp": 1708432040.6896036, "_runtime": 7777.114762544632, "_step": 9999, "_wandb": {"runtime": 7790}}