{"loss": 0.8496043980121613, "_timestamp": 1708629772.5292284, "_runtime": 74.09202337265015, "_step": 0, "_wandb": {"runtime": 113}}