{"loss": 0.8512158393859863, "_timestamp": 1708445059.0514858, "_runtime": 13.763115882873535, "_step": 0, "_wandb": {"runtime": 16}}