{"val/loss": 1.362375259399414, "_timestamp": 1709452808.6010191, "_runtime": 1538.8900260925293, "_step": 61, "iter": 50, "train loss": 0.9056087136268616, "lr": 0.0005, "_wandb": {"runtime": 1538}}