{"lora_rank": 64, "lora_alpha": 512, "_timestamp": 1709397455.385122, "_runtime": 2.388789176940918, "_step": 0, "_wandb": {"runtime": 5}}