{"train_loss": 0.023427192121744156, "_timestamp": 1705964661.1881897, "_runtime": 39.26962471008301, "_step": 1624, "_wandb": {"runtime": 170}}