{"loss": 0.8512158393859863, "_timestamp": 1708447504.1180732, "_runtime": 9.202681303024292, "_step": 0, "_wandb": {"runtime": 19}}