{"lora_rank": 64, "lora_alpha": 512, "_timestamp": 1709358744.0283396, "_runtime": 18.247838735580444, "_step": 1, "val/loss": 5.562047004699707, "_wandb": {"runtime": 18}}