{"loss": 0.24183186143636703, "_timestamp": 1708415217.402898, "_runtime": 99.3793351650238, "_step": 63, "_wandb": {"runtime": 99}}