{"Val_accuracy": 0.6842105263157895, "Test_accuracy": 0.7435897435897436, "_timestamp": 1706049598.575376, "_runtime": 5.23714804649353, "_step": 0, "_wandb": {"runtime": 4}}