{"lora_rank": 64, "lora_alpha": 512, "_timestamp": 1709397331.0323641, "_runtime": 3.0181422233581543, "_step": 0, "_wandb": {"runtime": 2}}