{"train_loss": 0.14063718914985657, "_timestamp": 1705976026.4326339, "_runtime": 7.657943964004517, "_step": 544, "_wandb": {"runtime": 7}}