{"loss": 0.21964995563030243, "_timestamp": 1708482690.6434066, "_runtime": 583.8055837154388, "_step": 999, "_wandb": {"runtime": 638}}