{"lora_rank": 64, "lora_alpha": 512, "_timestamp": 1709397229.076129, "_runtime": 7.534250974655151, "_step": 0, "_wandb": {"runtime": 3}}