{"Val_accuracy": 0.9605263157894737, "Test_accuracy": 0.9615384615384616, "_timestamp": 1706066445.2876704, "_runtime": 5.554019451141357, "_step": 0, "_wandb": {"runtime": 5}}