{"Val_accuracy": 0.5394736842105263, "Test_accuracy": 0.6538461538461539, "_timestamp": 1706064843.2451808, "_runtime": 6.455682754516602, "_step": 0, "_wandb": {"runtime": 5}}