{"lora_rank": 64, "lora_alpha": 512, "_timestamp": 1709359174.6692936, "_runtime": 3.384967565536499, "_step": 0, "_wandb": {"runtime": 12}}