{"loss": 0.8512158393859863, "_timestamp": 1708445238.046548, "_runtime": 9.098968982696533, "_step": 0, "_wandb": {"runtime": 12}}