{"Val_accuracy": 0.9078947368421053, "Test_accuracy": 0.9358974358974359, "_timestamp": 1706066482.781164, "_runtime": 5.537755012512207, "_step": 0, "_wandb": {"runtime": 4}}