{"loss": 0.8488238155841827, "_timestamp": 1708631015.6445177, "_runtime": 69.632319688797, "_step": 0, "_wandb": {"runtime": 109}}