{"loss": 0.17286265641450882, "_timestamp": 1708424124.5164025, "_runtime": 1098.8434655666351, "_step": 643}