{"loss": 0.8509222865104675, "_timestamp": 1708422892.1120393, "_runtime": 134.2491593360901, "_step": 0, "_wandb": {"runtime": 148}}