{"lora_rank": 64, "lora_alpha": 512, "_timestamp": 1709397861.457538, "_runtime": 2.709622859954834, "_step": 0, "_wandb": {"runtime": 11}}