{"train_loss": 0.13484491407871246, "_timestamp": 1705975244.033575, "_runtime": 7.73275899887085, "_step": 544, "_wandb": {"runtime": 7}}