{"loss": 0.8509222865104675, "_timestamp": 1708448429.7527273, "_runtime": 25.198403358459473, "_step": 0, "_wandb": {"runtime": 48}}