{"train_loss": 0.008006271906197071, "_timestamp": 1705962993.419453, "_runtime": 71.68540596961975, "_step": 2704, "_wandb": {"runtime": 81}}