{"lora_rank": 16, "lora_alpha": 64, "_timestamp": 1709432047.7228703, "_runtime": 4.349569320678711, "_step": 0, "_wandb": {"runtime": 4}}