{"loss": 0.14825738966464996, "_timestamp": 1708447117.2494795, "_runtime": 894.7736735343933, "_step": 999, "_wandb": {"runtime": 908}}