{"lora_rank": 64, "lora_alpha": 512, "_timestamp": 1709399826.5446615, "_runtime": 2.3522565364837646, "_step": 0, "_wandb": {"runtime": 10}}