{"loss": 0.22528211027383804, "_timestamp": 1708416255.1140559, "_runtime": 318.7354328632355, "_step": 99, "_wandb": {"runtime": 333}}