{"lora_rank": 64, "lora_alpha": 512, "_timestamp": 1709359419.7427423, "_runtime": 15.49778127670288, "_step": 1, "val/loss": 5.562047004699707, "_wandb": {"runtime": 15}}