{"train_loss": 0.008095476776361465, "_timestamp": 1705963715.9736485, "_runtime": 72.27836155891418, "_step": 2704, "_wandb": {"runtime": 83}}