{"loss": 0.8512158393859863, "_timestamp": 1708441604.2462265, "_runtime": 9.390340566635132, "_step": 0, "_wandb": {"runtime": 12}}