{"lora_rank": 64, "lora_alpha": 512, "_timestamp": 1709397475.6896482, "_runtime": 3.5935142040252686, "_step": 0, "_wandb": {"runtime": 15}}