{"lora_rank": 64, "lora_alpha": 512, "_timestamp": 1709403584.3005695, "_runtime": 3.843566417694092, "_step": 0, "_wandb": {"runtime": 23}}