{"Val_accuracy": 0.8289473684210527, "Test_accuracy": 0.8076923076923077, "_timestamp": 1706049580.5067234, "_runtime": 5.311985492706299, "_step": 0, "_wandb": {"runtime": 4}}