{"train_loss": 0.13401803374290466, "_timestamp": 1705962782.9503214, "_runtime": 7.626420497894287, "_step": 536, "_wandb": {"runtime": 7}}