{"loss": 0.8512158393859863, "_timestamp": 1708445339.8836842, "_runtime": 9.182067155838013, "_step": 0, "_wandb": {"runtime": 8}}