{"val/loss": 1.3764835596084595, "_timestamp": 1709448455.1527731, "_runtime": 1759.5628581047058, "_step": 61, "iter": 50, "train loss": 0.9742051362991333, "lr": 0.0005, "_wandb": {"runtime": 1759}}