{"loss": 0.2423086315393448, "_timestamp": 1708483794.0531454, "_runtime": 581.8592674732208, "_step": 999, "_wandb": {"runtime": 636}}