{"lora_rank": 64, "lora_alpha": 512, "_timestamp": 1709359684.3710475, "_runtime": 14.657493591308594, "_step": 1, "val/loss": 5.562047004699707, "_wandb": {"runtime": 14}}