{"train_loss": 0.009269342757761478, "_timestamp": 1705965060.0340953, "_runtime": 72.81174325942993, "_step": 2704, "_wandb": {"runtime": 82}}