{"loss": 0.8488238155841827, "_timestamp": 1708630367.3383725, "_runtime": 68.45693135261536, "_step": 0, "_wandb": {"runtime": 108}}