{"loss": 0.2649874985218048, "_timestamp": 1708462534.1578112, "_runtime": 615.6490540504456, "_step": 54, "_wandb": {"runtime": 616}}