{"lora_rank": 16, "lora_alpha": 64, "_timestamp": 1709436290.9632583, "_runtime": 317.748455286026, "_step": 62, "val/loss": 1.3280699253082275, "iter": 50, "train loss": 1.1518670320510864, "lr": 0.0005, "_wandb": {"runtime": 317}}