{"Val_accuracy": 0.9473684210526315, "Test_accuracy": 0.9743589743589743, "_timestamp": 1706066464.0555634, "_runtime": 5.40398645401001, "_step": 0, "_wandb": {"runtime": 4}}