{"train_loss": 0.12787789106369019, "_timestamp": 1705976202.433911, "_runtime": 7.584985971450806, "_step": 544, "_wandb": {"runtime": 7}}