{"lora_rank": 64, "lora_alpha": 512, "_timestamp": 1709399884.1772056, "_runtime": 2.379159450531006, "_step": 0, "_wandb": {"runtime": 11}}