{"val/loss": 1.5003973245620728, "_timestamp": 1709441166.2879224, "_runtime": 1388.9214494228363, "_step": 61, "iter": 50, "train loss": 1.0321518182754517, "lr": 0.0005, "_wandb": {"runtime": 1388}}