{"lora_rank": 64, "lora_alpha": 512, "_timestamp": 1709400452.0748427, "_runtime": 149.6727797985077, "_step": 62, "val/loss": 2.3124351501464844, "iter": 50, "train loss": 2.112553119659424, "lr": 0.0005, "_wandb": {"runtime": 149}}