{"loss": 0.8488238155841827, "_timestamp": 1708630515.5237033, "_runtime": 68.84743237495422, "_step": 0, "_wandb": {"runtime": 108}}