{"train_loss": 0.015870100149401913, "train_acc": 0.9888888888888889, "test_loss": 0.11602388231650643, "test_acc": 0.591304347826087, "_timestamp": 1705952922.549159, "_runtime": 95.24854302406311, "_step": 4, "_wandb": {"runtime": 96}}