{"Val_accuracy": 0.618421052631579, "Test_accuracy": 0.7051282051282052, "_timestamp": 1706064868.005082, "_runtime": 6.40051794052124, "_step": 0, "_wandb": {"runtime": 5}}