{"loss": 0.8512158393859863, "_timestamp": 1708445493.2432845, "_runtime": 9.133965492248535, "_step": 0, "_wandb": {"runtime": 12}}