{"train_loss": 0.1386367678642273, "_timestamp": 1705975488.6732686, "_runtime": 9.217516660690308, "_step": 544, "_wandb": {"runtime": 8}}