{"lora_rank": 16, "lora_alpha": 64, "_timestamp": 1709434755.5062022, "_runtime": 4.62979531288147, "_step": 0, "_wandb": {"runtime": 23}}