{"lora_rank": 64, "lora_alpha": 512, "_timestamp": 1709399931.4119265, "_runtime": 2.5778543949127197, "_step": 0, "_wandb": {"runtime": 11}}