{"loss": 0.8547488152980804, "_timestamp": 1708632214.193722, "_runtime": 70.73240494728088, "_step": 0, "_wandb": {"runtime": 110}}